Metric,Value
POP,10609148
CASES,192874
DEATHS,3273
CASERATE,18.179970719609152
DEATHRATE,0.3085073372527181
